<?xml version="1.0" encoding="UTF-8" standalone="yes"?>
<addon id="plugin.audio.deezer" name="Deezer" version="0.1.2" provider-name="Valentin271">

    <requires>
	<import addon="xbmc.python" version="2.24.0" optional="true"/>
        <import addon="script.module.requests" version="2.7.0"/>
    </requires>

    <extension point="xbmc.python.pluginsource" library="addon.py">
        <provides>audio</provides>
    </extension>

    <extension point="xbmc.addon.repository" name="Valentin271's Kodi repo">
        <info>https://raw.githubusercontent.com/Valentin271/DeezerKodi/master/addons.xml</info>
        <checksum>https://raw.githubusercontent.com/Valentin271/DeezerKodi/master/addons.xml.md5</checksum>
        <datadir>https://raw.githubusercontent.com/Valentin271/DeezerKodi/master/</datadir>
    </extension>

    <extension point="xbmc.addon.metadata">
        <summary lang="en">This addon allows you to listen to music from Deezer.</summary>
        <description lang="en">This addon allows you to stream music from Deezer. You can browse your playlists and loved tracks, search for tracks, artists and albums. A premium account is REQUIRED.</description>
        <disclaimer lang="en">This addon was not provided by Deezer.</disclaimer>
	    <news>
[v0.1.2]
- Setting window now automatically opens if no credentials are specified
- Fixed a bug that threw an error while searching
- Improved logs

[v0.1.1]
- Added information dialog if DeezerKodi cannot connect to Deezer
- Fixed a bug that prevented loading folders or track and causing DeezerKodi to crash (#3 on github)
- Addon now logs information into kodi.log file
- Slight speed improvement while loading folders

[v0.1.0]
- Main profile now accessible for family account
- Personal account now usable
- Slight speed improvement

[v0.0.8]
- fixed a bug preventing profiles with non-ascii characters to be loaded

[v0.0.7]
- fixed a bug that prevent user from searching tracks
- fixed a bug that prevent inserting certain characters in DB

[v0.0.6]
- Fixed bug where kodi crashes when a song was set to not playable by the API
- Fixed bug that prevented the extension from installing on version older than Leia 18

[v0.0.5]
 - First pre-release
	    </news>

        <platform>all</platform>  <!-- Not tested -->
        <language>en</language>
        <license>GPL-3.0</license>
        <forum>https://github.com/Valentin271/DeezerKodi/issues</forum>
        <website>https://github.com/Valentin271/DeezerKodi</website>
        <source>https://github.com/Valentin271/DeezerKodi/tree/master/src</source>
        <email></email>
        <assets>
            <icon>resources/icon.png</icon>
            <fanart>resources/fanart.jpg</fanart>
            <screenshot></screenshot>
        </assets>
    </extension>
</addon>
