[
  {
    "id": 1002485,
    "name": "MMZ",
    "link": "http://www.deezer.com/artist/1002485",
    "picture": "http://api.deezer.com/2.0/artist/1002485/image",
    "picture_small": "http://e-cdn-images.deezer.com/images/artist/aaabd7f3c29b5e669db7575cefb5f7dd/56x56-000000-80-0-0.jpg",
    "picture_medium": "http://e-cdn-images.deezer.com/images/artist/aaabd7f3c29b5e669db7575cefb5f7dd/250x250-000000-80-0-0.jpg",
    "picture_big": "http://e-cdn-images.deezer.com/images/artist/aaabd7f3c29b5e669db7575cefb5f7dd/500x500-000000-80-0-0.jpg",
    "picture_xl": "http://e-cdn-images.deezer.com/images/artist/aaabd7f3c29b5e669db7575cefb5f7dd/1000x1000-000000-80-0-0.jpg",
    "nb_album": 19,
    "nb_fan": 382007,
    "radio": true,
    "tracklist": "http://api.deezer.com/2.0/artist/1002485/top?limit=50",
    "md5_image": "aaabd7f3c29b5e669db7575cefb5f7dd",
    "type": "artist"
  },
  {
    "id": 68224652,
    "name": "S-Pion & MMZ",
    "link": "http://www.deezer.com/artist/68224652",
    "picture": "http://api.deezer.com/2.0/artist/68224652/image",
    "picture_small": "http://e-cdn-images.deezer.com/images/artist//56x56-000000-80-0-0.jpg",
    "picture_medium": "http://e-cdn-images.deezer.com/images/artist//250x250-000000-80-0-0.jpg",
    "picture_big": "http://e-cdn-images.deezer.com/images/artist//500x500-000000-80-0-0.jpg",
    "picture_xl": "http://e-cdn-images.deezer.com/images/artist//1000x1000-000000-80-0-0.jpg",
    "nb_album": 0,
    "nb_fan": 40,
    "radio": false,
    "tracklist": "http://api.deezer.com/2.0/artist/68224652/top?limit=50",
    "md5_image": "",
    "type": "artist"
  },
  {
    "id": 12474028,
    "name": "MMZ",
    "link": "http://www.deezer.com/artist/12474028",
    "picture": "http://api.deezer.com/2.0/artist/12474028/image",
    "picture_small": "http://e-cdn-images.deezer.com/images/artist/9d5014ce0446f262efc70dfaac504281/56x56-000000-80-0-0.jpg",
    "picture_medium": "http://e-cdn-images.deezer.com/images/artist/9d5014ce0446f262efc70dfaac504281/250x250-000000-80-0-0.jpg",
    "picture_big": "http://e-cdn-images.deezer.com/images/artist/9d5014ce0446f262efc70dfaac504281/500x500-000000-80-0-0.jpg",
    "picture_xl": "http://e-cdn-images.deezer.com/images/artist/9d5014ce0446f262efc70dfaac504281/1000x1000-000000-80-0-0.jpg",
    "nb_album": 7,
    "nb_fan": 1252,
    "radio": false,
    "tracklist": "http://api.deezer.com/2.0/artist/12474028/top?limit=50",
    "md5_image": "9d5014ce0446f262efc70dfaac504281",
    "type": "artist"
  },
  {
    "id": 63048072,
    "name": "Mmz",
    "link": "http://www.deezer.com/artist/63048072",
    "picture": "http://api.deezer.com/2.0/artist/63048072/image",
    "picture_small": "http://e-cdn-images.deezer.com/images/artist/31f58b8e8952da0c6d18bd442a7ed58f/56x56-000000-80-0-0.jpg",
    "picture_medium": "http://e-cdn-images.deezer.com/images/artist/31f58b8e8952da0c6d18bd442a7ed58f/250x250-000000-80-0-0.jpg",
    "picture_big": "http://e-cdn-images.deezer.com/images/artist/31f58b8e8952da0c6d18bd442a7ed58f/500x500-000000-80-0-0.jpg",
    "picture_xl": "http://e-cdn-images.deezer.com/images/artist/31f58b8e8952da0c6d18bd442a7ed58f/1000x1000-000000-80-0-0.jpg",
    "nb_album": 4,
    "nb_fan": 38,
    "radio": false,
    "tracklist": "http://api.deezer.com/2.0/artist/63048072/top?limit=50",
    "md5_image": "31f58b8e8952da0c6d18bd442a7ed58f",
    "type": "artist"
  },
  {
    "id": 5868666,
    "name": "MMZ BEATS",
    "link": "http://www.deezer.com/artist/5868666",
    "picture": "http://api.deezer.com/2.0/artist/5868666/image",
    "picture_small": "http://e-cdn-images.deezer.com/images/artist/a9973871aa183ab1bd76d1d475c4fbfa/56x56-000000-80-0-0.jpg",
    "picture_medium": "http://e-cdn-images.deezer.com/images/artist/a9973871aa183ab1bd76d1d475c4fbfa/250x250-000000-80-0-0.jpg",
    "picture_big": "http://e-cdn-images.deezer.com/images/artist/a9973871aa183ab1bd76d1d475c4fbfa/500x500-000000-80-0-0.jpg",
    "picture_xl": "http://e-cdn-images.deezer.com/images/artist/a9973871aa183ab1bd76d1d475c4fbfa/1000x1000-000000-80-0-0.jpg",
    "nb_album": 11,
    "nb_fan": 13141,
    "radio": false,
    "tracklist": "http://api.deezer.com/2.0/artist/5868666/top?limit=50",
    "md5_image": "a9973871aa183ab1bd76d1d475c4fbfa",
    "type": "artist"
  },
  {
    "id": 89219832,
    "name": "MMZ ILiveLife",
    "link": "http://www.deezer.com/artist/89219832",
    "picture": "http://api.deezer.com/2.0/artist/89219832/image",
    "picture_small": "http://e-cdn-images.deezer.com/images/artist//56x56-000000-80-0-0.jpg",
    "picture_medium": "http://e-cdn-images.deezer.com/images/artist//250x250-000000-80-0-0.jpg",
    "picture_big": "http://e-cdn-images.deezer.com/images/artist//500x500-000000-80-0-0.jpg",
    "picture_xl": "http://e-cdn-images.deezer.com/images/artist//1000x1000-000000-80-0-0.jpg",
    "nb_album": 5,
    "nb_fan": 1,
    "radio": false,
    "tracklist": "http://api.deezer.com/2.0/artist/89219832/top?limit=50",
    "md5_image": "",
    "type": "artist"
  },
  {
    "id": 13313479,
    "name": "MMZ",
    "link": "http://www.deezer.com/artist/13313479",
    "picture": "http://api.deezer.com/2.0/artist/13313479/image",
    "picture_small": "http://e-cdn-images.deezer.com/images/artist//56x56-000000-80-0-0.jpg",
    "picture_medium": "http://e-cdn-images.deezer.com/images/artist//250x250-000000-80-0-0.jpg",
    "picture_big": "http://e-cdn-images.deezer.com/images/artist//500x500-000000-80-0-0.jpg",
    "picture_xl": "http://e-cdn-images.deezer.com/images/artist//1000x1000-000000-80-0-0.jpg",
    "nb_album": 2,
    "nb_fan": 119,
    "radio": false,
    "tracklist": "http://api.deezer.com/2.0/artist/13313479/top?limit=50",
    "md5_image": "",
    "type": "artist"
  },
  {
    "id": 14705181,
    "name": "Mmz & Adrimp",
    "link": "http://www.deezer.com/artist/14705181",
    "picture": "http://api.deezer.com/2.0/artist/14705181/image",
    "picture_small": "http://e-cdn-images.deezer.com/images/artist//56x56-000000-80-0-0.jpg",
    "picture_medium": "http://e-cdn-images.deezer.com/images/artist//250x250-000000-80-0-0.jpg",
    "picture_big": "http://e-cdn-images.deezer.com/images/artist//500x500-000000-80-0-0.jpg",
    "picture_xl": "http://e-cdn-images.deezer.com/images/artist//1000x1000-000000-80-0-0.jpg",
    "nb_album": 1,
    "nb_fan": 8,
    "radio": false,
    "tracklist": "http://api.deezer.com/2.0/artist/14705181/top?limit=50",
    "md5_image": "",
    "type": "artist"
  },
  {
    "id": 66674862,
    "name": "Mmz Moschino",
    "link": "http://www.deezer.com/artist/66674862",
    "picture": "http://api.deezer.com/2.0/artist/66674862/image",
    "picture_small": "http://e-cdn-images.deezer.com/images/artist//56x56-000000-80-0-0.jpg",
    "picture_medium": "http://e-cdn-images.deezer.com/images/artist//250x250-000000-80-0-0.jpg",
    "picture_big": "http://e-cdn-images.deezer.com/images/artist//500x500-000000-80-0-0.jpg",
    "picture_xl": "http://e-cdn-images.deezer.com/images/artist//1000x1000-000000-80-0-0.jpg",
    "nb_album": 0,
    "nb_fan": 1,
    "radio": false,
    "tracklist": "http://api.deezer.com/2.0/artist/66674862/top?limit=50",
    "md5_image": "",
    "type": "artist"
  },
  {
    "id": 82847932,
    "name": "Charlie Mmz",
    "link": "http://www.deezer.com/artist/82847932",
    "picture": "http://api.deezer.com/2.0/artist/82847932/image",
    "picture_small": "http://e-cdn-images.deezer.com/images/artist//56x56-000000-80-0-0.jpg",
    "picture_medium": "http://e-cdn-images.deezer.com/images/artist//250x250-000000-80-0-0.jpg",
    "picture_big": "http://e-cdn-images.deezer.com/images/artist//500x500-000000-80-0-0.jpg",
    "picture_xl": "http://e-cdn-images.deezer.com/images/artist//1000x1000-000000-80-0-0.jpg",
    "nb_album": 0,
    "nb_fan": 0,
    "radio": false,
    "tracklist": "http://api.deezer.com/2.0/artist/82847932/top?limit=50",
    "md5_image": "",
    "type": "artist"
  },
  {
    "id": 9978290,
    "name": "MMZ Moha",
    "link": "http://www.deezer.com/artist/9978290",
    "picture": "http://api.deezer.com/2.0/artist/9978290/image",
    "picture_small": "http://e-cdn-images.deezer.com/images/artist//56x56-000000-80-0-0.jpg",
    "picture_medium": "http://e-cdn-images.deezer.com/images/artist//250x250-000000-80-0-0.jpg",
    "picture_big": "http://e-cdn-images.deezer.com/images/artist//500x500-000000-80-0-0.jpg",
    "picture_xl": "http://e-cdn-images.deezer.com/images/artist//1000x1000-000000-80-0-0.jpg",
    "nb_album": 0,
    "nb_fan": 1031,
    "radio": false,
    "tracklist": "http://api.deezer.com/2.0/artist/9978290/top?limit=50",
    "md5_image": "",
    "type": "artist"
  }
]