[
  {
    "id": 91440302,
    "title": "Sayonara",
    "link": "http://www.deezer.com/album/91440302",
    "cover": "http://api.deezer.com/2.0/album/91440302/image",
    "cover_small": "http://e-cdn-images.deezer.com/images/cover/009e3af645ce556e9c0486aef6f8ba19/56x56-000000-80-0-0.jpg",
    "cover_medium": "http://e-cdn-images.deezer.com/images/cover/009e3af645ce556e9c0486aef6f8ba19/250x250-000000-80-0-0.jpg",
    "cover_big": "http://e-cdn-images.deezer.com/images/cover/009e3af645ce556e9c0486aef6f8ba19/500x500-000000-80-0-0.jpg",
    "cover_xl": "http://e-cdn-images.deezer.com/images/cover/009e3af645ce556e9c0486aef6f8ba19/1000x1000-000000-80-0-0.jpg",
    "genre_id": 116,
    "nb_tracks": 17,
    "record_type": "album",
    "tracklist": "http://api.deezer.com/2.0/album/91440302/tracks",
    "explicit_lyrics": true,
    "md5_image": "009e3af645ce556e9c0486aef6f8ba19",
    "artist": {
      "id": 1002485,
      "name": "MMZ",
      "link": "http://www.deezer.com/artist/1002485",
      "picture": "http://api.deezer.com/2.0/artist/1002485/image",
      "picture_small": "http://e-cdn-images.deezer.com/images/artist/aaabd7f3c29b5e669db7575cefb5f7dd/56x56-000000-80-0-0.jpg",
      "picture_medium": "http://e-cdn-images.deezer.com/images/artist/aaabd7f3c29b5e669db7575cefb5f7dd/250x250-000000-80-0-0.jpg",
      "picture_big": "http://e-cdn-images.deezer.com/images/artist/aaabd7f3c29b5e669db7575cefb5f7dd/500x500-000000-80-0-0.jpg",
      "picture_xl": "http://e-cdn-images.deezer.com/images/artist/aaabd7f3c29b5e669db7575cefb5f7dd/1000x1000-000000-80-0-0.jpg",
      "tracklist": "http://api.deezer.com/2.0/artist/1002485/top?limit=50",
      "md5_image": "aaabd7f3c29b5e669db7575cefb5f7dd",
      "type": "artist"
    },
    "type": "album"
  },
  {
    "id": 66044092,
    "title": "Trop N'DA",
    "link": "http://www.deezer.com/album/66044092",
    "cover": "http://api.deezer.com/2.0/album/66044092/image",
    "cover_small": "http://e-cdn-images.deezer.com/images/cover/99b075f1a17fa354349693c6c08d7a0a/56x56-000000-80-0-0.jpg",
    "cover_medium": "http://e-cdn-images.deezer.com/images/cover/99b075f1a17fa354349693c6c08d7a0a/250x250-000000-80-0-0.jpg",
    "cover_big": "http://e-cdn-images.deezer.com/images/cover/99b075f1a17fa354349693c6c08d7a0a/500x500-000000-80-0-0.jpg",
    "cover_xl": "http://e-cdn-images.deezer.com/images/cover/99b075f1a17fa354349693c6c08d7a0a/1000x1000-000000-80-0-0.jpg",
    "genre_id": 116,
    "nb_tracks": 7,
    "record_type": "album",
    "tracklist": "http://api.deezer.com/2.0/album/66044092/tracks",
    "explicit_lyrics": true,
    "md5_image": "99b075f1a17fa354349693c6c08d7a0a",
    "artist": {
      "id": 1002485,
      "name": "MMZ",
      "link": "http://www.deezer.com/artist/1002485",
      "picture": "http://api.deezer.com/2.0/artist/1002485/image",
      "picture_small": "http://e-cdn-images.deezer.com/images/artist/aaabd7f3c29b5e669db7575cefb5f7dd/56x56-000000-80-0-0.jpg",
      "picture_medium": "http://e-cdn-images.deezer.com/images/artist/aaabd7f3c29b5e669db7575cefb5f7dd/250x250-000000-80-0-0.jpg",
      "picture_big": "http://e-cdn-images.deezer.com/images/artist/aaabd7f3c29b5e669db7575cefb5f7dd/500x500-000000-80-0-0.jpg",
      "picture_xl": "http://e-cdn-images.deezer.com/images/artist/aaabd7f3c29b5e669db7575cefb5f7dd/1000x1000-000000-80-0-0.jpg",
      "tracklist": "http://api.deezer.com/2.0/artist/1002485/top?limit=50",
      "md5_image": "aaabd7f3c29b5e669db7575cefb5f7dd",
      "type": "artist"
    },
    "type": "album"
  },
  {
    "id": 13217266,
    "title": "Cocaina",
    "link": "http://www.deezer.com/album/13217266",
    "cover": "http://api.deezer.com/2.0/album/13217266/image",
    "cover_small": "http://e-cdn-images.deezer.com/images/cover/4af5bbcaa8696cf12889c169e1366474/56x56-000000-80-0-0.jpg",
    "cover_medium": "http://e-cdn-images.deezer.com/images/cover/4af5bbcaa8696cf12889c169e1366474/250x250-000000-80-0-0.jpg",
    "cover_big": "http://e-cdn-images.deezer.com/images/cover/4af5bbcaa8696cf12889c169e1366474/500x500-000000-80-0-0.jpg",
    "cover_xl": "http://e-cdn-images.deezer.com/images/cover/4af5bbcaa8696cf12889c169e1366474/1000x1000-000000-80-0-0.jpg",
    "genre_id": 116,
    "nb_tracks": 1,
    "record_type": "single",
    "tracklist": "http://api.deezer.com/2.0/album/13217266/tracks",
    "explicit_lyrics": true,
    "md5_image": "4af5bbcaa8696cf12889c169e1366474",
    "artist": {
      "id": 1002485,
      "name": "MMZ",
      "link": "http://www.deezer.com/artist/1002485",
      "picture": "http://api.deezer.com/2.0/artist/1002485/image",
      "picture_small": "http://e-cdn-images.deezer.com/images/artist/aaabd7f3c29b5e669db7575cefb5f7dd/56x56-000000-80-0-0.jpg",
      "picture_medium": "http://e-cdn-images.deezer.com/images/artist/aaabd7f3c29b5e669db7575cefb5f7dd/250x250-000000-80-0-0.jpg",
      "picture_big": "http://e-cdn-images.deezer.com/images/artist/aaabd7f3c29b5e669db7575cefb5f7dd/500x500-000000-80-0-0.jpg",
      "picture_xl": "http://e-cdn-images.deezer.com/images/artist/aaabd7f3c29b5e669db7575cefb5f7dd/1000x1000-000000-80-0-0.jpg",
      "tracklist": "http://api.deezer.com/2.0/artist/1002485/top?limit=50",
      "md5_image": "aaabd7f3c29b5e669db7575cefb5f7dd",
      "type": "artist"
    },
    "type": "album"
  },
  {
    "id": 13644480,
    "title": "Pandora",
    "link": "http://www.deezer.com/album/13644480",
    "cover": "http://api.deezer.com/2.0/album/13644480/image",
    "cover_small": "http://e-cdn-images.deezer.com/images/cover/91942cf925beeb4f70d4ff4126fa8dc9/56x56-000000-80-0-0.jpg",
    "cover_medium": "http://e-cdn-images.deezer.com/images/cover/91942cf925beeb4f70d4ff4126fa8dc9/250x250-000000-80-0-0.jpg",
    "cover_big": "http://e-cdn-images.deezer.com/images/cover/91942cf925beeb4f70d4ff4126fa8dc9/500x500-000000-80-0-0.jpg",
    "cover_xl": "http://e-cdn-images.deezer.com/images/cover/91942cf925beeb4f70d4ff4126fa8dc9/1000x1000-000000-80-0-0.jpg",
    "genre_id": 116,
    "nb_tracks": 1,
    "record_type": "single",
    "tracklist": "http://api.deezer.com/2.0/album/13644480/tracks",
    "explicit_lyrics": true,
    "md5_image": "91942cf925beeb4f70d4ff4126fa8dc9",
    "artist": {
      "id": 1002485,
      "name": "MMZ",
      "link": "http://www.deezer.com/artist/1002485",
      "picture": "http://api.deezer.com/2.0/artist/1002485/image",
      "picture_small": "http://e-cdn-images.deezer.com/images/artist/aaabd7f3c29b5e669db7575cefb5f7dd/56x56-000000-80-0-0.jpg",
      "picture_medium": "http://e-cdn-images.deezer.com/images/artist/aaabd7f3c29b5e669db7575cefb5f7dd/250x250-000000-80-0-0.jpg",
      "picture_big": "http://e-cdn-images.deezer.com/images/artist/aaabd7f3c29b5e669db7575cefb5f7dd/500x500-000000-80-0-0.jpg",
      "picture_xl": "http://e-cdn-images.deezer.com/images/artist/aaabd7f3c29b5e669db7575cefb5f7dd/1000x1000-000000-80-0-0.jpg",
      "tracklist": "http://api.deezer.com/2.0/artist/1002485/top?limit=50",
      "md5_image": "aaabd7f3c29b5e669db7575cefb5f7dd",
      "type": "artist"
    },
    "type": "album"
  },
  {
    "id": 101608902,
    "title": "Fus\u00e9e",
    "link": "http://www.deezer.com/album/101608902",
    "cover": "http://api.deezer.com/2.0/album/101608902/image",
    "cover_small": "http://e-cdn-images.deezer.com/images/cover/39a1b36c9fadec82f2e8466e12dc8639/56x56-000000-80-0-0.jpg",
    "cover_medium": "http://e-cdn-images.deezer.com/images/cover/39a1b36c9fadec82f2e8466e12dc8639/250x250-000000-80-0-0.jpg",
    "cover_big": "http://e-cdn-images.deezer.com/images/cover/39a1b36c9fadec82f2e8466e12dc8639/500x500-000000-80-0-0.jpg",
    "cover_xl": "http://e-cdn-images.deezer.com/images/cover/39a1b36c9fadec82f2e8466e12dc8639/1000x1000-000000-80-0-0.jpg",
    "genre_id": 116,
    "nb_tracks": 1,
    "record_type": "single",
    "tracklist": "http://api.deezer.com/2.0/album/101608902/tracks",
    "explicit_lyrics": true,
    "md5_image": "39a1b36c9fadec82f2e8466e12dc8639",
    "artist": {
      "id": 1002485,
      "name": "MMZ",
      "link": "http://www.deezer.com/artist/1002485",
      "picture": "http://api.deezer.com/2.0/artist/1002485/image",
      "picture_small": "http://e-cdn-images.deezer.com/images/artist/aaabd7f3c29b5e669db7575cefb5f7dd/56x56-000000-80-0-0.jpg",
      "picture_medium": "http://e-cdn-images.deezer.com/images/artist/aaabd7f3c29b5e669db7575cefb5f7dd/250x250-000000-80-0-0.jpg",
      "picture_big": "http://e-cdn-images.deezer.com/images/artist/aaabd7f3c29b5e669db7575cefb5f7dd/500x500-000000-80-0-0.jpg",
      "picture_xl": "http://e-cdn-images.deezer.com/images/artist/aaabd7f3c29b5e669db7575cefb5f7dd/1000x1000-000000-80-0-0.jpg",
      "tracklist": "http://api.deezer.com/2.0/artist/1002485/top?limit=50",
      "md5_image": "aaabd7f3c29b5e669db7575cefb5f7dd",
      "type": "artist"
    },
    "type": "album"
  },
  {
    "id": 51278932,
    "title": "N'DA",
    "link": "http://www.deezer.com/album/51278932",
    "cover": "http://api.deezer.com/2.0/album/51278932/image",
    "cover_small": "http://e-cdn-images.deezer.com/images/cover/951184f857cb851fb348966bd5a6c493/56x56-000000-80-0-0.jpg",
    "cover_medium": "http://e-cdn-images.deezer.com/images/cover/951184f857cb851fb348966bd5a6c493/250x250-000000-80-0-0.jpg",
    "cover_big": "http://e-cdn-images.deezer.com/images/cover/951184f857cb851fb348966bd5a6c493/500x500-000000-80-0-0.jpg",
    "cover_xl": "http://e-cdn-images.deezer.com/images/cover/951184f857cb851fb348966bd5a6c493/1000x1000-000000-80-0-0.jpg",
    "genre_id": 116,
    "nb_tracks": 18,
    "record_type": "album",
    "tracklist": "http://api.deezer.com/2.0/album/51278932/tracks",
    "explicit_lyrics": true,
    "md5_image": "951184f857cb851fb348966bd5a6c493",
    "artist": {
      "id": 1002485,
      "name": "MMZ",
      "link": "http://www.deezer.com/artist/1002485",
      "picture": "http://api.deezer.com/2.0/artist/1002485/image",
      "picture_small": "http://e-cdn-images.deezer.com/images/artist/aaabd7f3c29b5e669db7575cefb5f7dd/56x56-000000-80-0-0.jpg",
      "picture_medium": "http://e-cdn-images.deezer.com/images/artist/aaabd7f3c29b5e669db7575cefb5f7dd/250x250-000000-80-0-0.jpg",
      "picture_big": "http://e-cdn-images.deezer.com/images/artist/aaabd7f3c29b5e669db7575cefb5f7dd/500x500-000000-80-0-0.jpg",
      "picture_xl": "http://e-cdn-images.deezer.com/images/artist/aaabd7f3c29b5e669db7575cefb5f7dd/1000x1000-000000-80-0-0.jpg",
      "tracklist": "http://api.deezer.com/2.0/artist/1002485/top?limit=50",
      "md5_image": "aaabd7f3c29b5e669db7575cefb5f7dd",
      "type": "artist"
    },
    "type": "album"
  },
  {
    "id": 13217220,
    "title": "Valentina",
    "link": "http://www.deezer.com/album/13217220",
    "cover": "http://api.deezer.com/2.0/album/13217220/image",
    "cover_small": "http://e-cdn-images.deezer.com/images/cover/03fe4dddadf51d1ee378b962a3986b16/56x56-000000-80-0-0.jpg",
    "cover_medium": "http://e-cdn-images.deezer.com/images/cover/03fe4dddadf51d1ee378b962a3986b16/250x250-000000-80-0-0.jpg",
    "cover_big": "http://e-cdn-images.deezer.com/images/cover/03fe4dddadf51d1ee378b962a3986b16/500x500-000000-80-0-0.jpg",
    "cover_xl": "http://e-cdn-images.deezer.com/images/cover/03fe4dddadf51d1ee378b962a3986b16/1000x1000-000000-80-0-0.jpg",
    "genre_id": 116,
    "nb_tracks": 1,
    "record_type": "single",
    "tracklist": "http://api.deezer.com/2.0/album/13217220/tracks",
    "explicit_lyrics": true,
    "md5_image": "03fe4dddadf51d1ee378b962a3986b16",
    "artist": {
      "id": 1002485,
      "name": "MMZ",
      "link": "http://www.deezer.com/artist/1002485",
      "picture": "http://api.deezer.com/2.0/artist/1002485/image",
      "picture_small": "http://e-cdn-images.deezer.com/images/artist/aaabd7f3c29b5e669db7575cefb5f7dd/56x56-000000-80-0-0.jpg",
      "picture_medium": "http://e-cdn-images.deezer.com/images/artist/aaabd7f3c29b5e669db7575cefb5f7dd/250x250-000000-80-0-0.jpg",
      "picture_big": "http://e-cdn-images.deezer.com/images/artist/aaabd7f3c29b5e669db7575cefb5f7dd/500x500-000000-80-0-0.jpg",
      "picture_xl": "http://e-cdn-images.deezer.com/images/artist/aaabd7f3c29b5e669db7575cefb5f7dd/1000x1000-000000-80-0-0.jpg",
      "tracklist": "http://api.deezer.com/2.0/artist/1002485/top?limit=50",
      "md5_image": "aaabd7f3c29b5e669db7575cefb5f7dd",
      "type": "artist"
    },
    "type": "album"
  },
  {
    "id": 14223624,
    "title": "Tout pour le gang",
    "link": "http://www.deezer.com/album/14223624",
    "cover": "http://api.deezer.com/2.0/album/14223624/image",
    "cover_small": "http://e-cdn-images.deezer.com/images/cover/a685104353c013f5800d98802d3e6c1d/56x56-000000-80-0-0.jpg",
    "cover_medium": "http://e-cdn-images.deezer.com/images/cover/a685104353c013f5800d98802d3e6c1d/250x250-000000-80-0-0.jpg",
    "cover_big": "http://e-cdn-images.deezer.com/images/cover/a685104353c013f5800d98802d3e6c1d/500x500-000000-80-0-0.jpg",
    "cover_xl": "http://e-cdn-images.deezer.com/images/cover/a685104353c013f5800d98802d3e6c1d/1000x1000-000000-80-0-0.jpg",
    "genre_id": 116,
    "nb_tracks": 16,
    "record_type": "album",
    "tracklist": "http://api.deezer.com/2.0/album/14223624/tracks",
    "explicit_lyrics": true,
    "md5_image": "a685104353c013f5800d98802d3e6c1d",
    "artist": {
      "id": 1002485,
      "name": "MMZ",
      "link": "http://www.deezer.com/artist/1002485",
      "picture": "http://api.deezer.com/2.0/artist/1002485/image",
      "picture_small": "http://e-cdn-images.deezer.com/images/artist/aaabd7f3c29b5e669db7575cefb5f7dd/56x56-000000-80-0-0.jpg",
      "picture_medium": "http://e-cdn-images.deezer.com/images/artist/aaabd7f3c29b5e669db7575cefb5f7dd/250x250-000000-80-0-0.jpg",
      "picture_big": "http://e-cdn-images.deezer.com/images/artist/aaabd7f3c29b5e669db7575cefb5f7dd/500x500-000000-80-0-0.jpg",
      "picture_xl": "http://e-cdn-images.deezer.com/images/artist/aaabd7f3c29b5e669db7575cefb5f7dd/1000x1000-000000-80-0-0.jpg",
      "tracklist": "http://api.deezer.com/2.0/artist/1002485/top?limit=50",
      "md5_image": "aaabd7f3c29b5e669db7575cefb5f7dd",
      "type": "artist"
    },
    "type": "album"
  },
  {
    "id": 13217218,
    "title": "Gustavo",
    "link": "http://www.deezer.com/album/13217218",
    "cover": "http://api.deezer.com/2.0/album/13217218/image",
    "cover_small": "http://e-cdn-images.deezer.com/images/cover/50abb1b8fd14f0cdcb2fa911b1b0486d/56x56-000000-80-0-0.jpg",
    "cover_medium": "http://e-cdn-images.deezer.com/images/cover/50abb1b8fd14f0cdcb2fa911b1b0486d/250x250-000000-80-0-0.jpg",
    "cover_big": "http://e-cdn-images.deezer.com/images/cover/50abb1b8fd14f0cdcb2fa911b1b0486d/500x500-000000-80-0-0.jpg",
    "cover_xl": "http://e-cdn-images.deezer.com/images/cover/50abb1b8fd14f0cdcb2fa911b1b0486d/1000x1000-000000-80-0-0.jpg",
    "genre_id": 116,
    "nb_tracks": 1,
    "record_type": "single",
    "tracklist": "http://api.deezer.com/2.0/album/13217218/tracks",
    "explicit_lyrics": true,
    "md5_image": "50abb1b8fd14f0cdcb2fa911b1b0486d",
    "artist": {
      "id": 1002485,
      "name": "MMZ",
      "link": "http://www.deezer.com/artist/1002485",
      "picture": "http://api.deezer.com/2.0/artist/1002485/image",
      "picture_small": "http://e-cdn-images.deezer.com/images/artist/aaabd7f3c29b5e669db7575cefb5f7dd/56x56-000000-80-0-0.jpg",
      "picture_medium": "http://e-cdn-images.deezer.com/images/artist/aaabd7f3c29b5e669db7575cefb5f7dd/250x250-000000-80-0-0.jpg",
      "picture_big": "http://e-cdn-images.deezer.com/images/artist/aaabd7f3c29b5e669db7575cefb5f7dd/500x500-000000-80-0-0.jpg",
      "picture_xl": "http://e-cdn-images.deezer.com/images/artist/aaabd7f3c29b5e669db7575cefb5f7dd/1000x1000-000000-80-0-0.jpg",
      "tracklist": "http://api.deezer.com/2.0/artist/1002485/top?limit=50",
      "md5_image": "aaabd7f3c29b5e669db7575cefb5f7dd",
      "type": "artist"
    },
    "type": "album"
  },
  {
    "id": 62402952,
    "title": "Babidi",
    "link": "http://www.deezer.com/album/62402952",
    "cover": "http://api.deezer.com/2.0/album/62402952/image",
    "cover_small": "http://e-cdn-images.deezer.com/images/cover/fb1ac28126b2c33614982e0a10df662c/56x56-000000-80-0-0.jpg",
    "cover_medium": "http://e-cdn-images.deezer.com/images/cover/fb1ac28126b2c33614982e0a10df662c/250x250-000000-80-0-0.jpg",
    "cover_big": "http://e-cdn-images.deezer.com/images/cover/fb1ac28126b2c33614982e0a10df662c/500x500-000000-80-0-0.jpg",
    "cover_xl": "http://e-cdn-images.deezer.com/images/cover/fb1ac28126b2c33614982e0a10df662c/1000x1000-000000-80-0-0.jpg",
    "genre_id": 116,
    "nb_tracks": 1,
    "record_type": "single",
    "tracklist": "http://api.deezer.com/2.0/album/62402952/tracks",
    "explicit_lyrics": true,
    "md5_image": "fb1ac28126b2c33614982e0a10df662c",
    "artist": {
      "id": 1002485,
      "name": "MMZ",
      "link": "http://www.deezer.com/artist/1002485",
      "picture": "http://api.deezer.com/2.0/artist/1002485/image",
      "picture_small": "http://e-cdn-images.deezer.com/images/artist/aaabd7f3c29b5e669db7575cefb5f7dd/56x56-000000-80-0-0.jpg",
      "picture_medium": "http://e-cdn-images.deezer.com/images/artist/aaabd7f3c29b5e669db7575cefb5f7dd/250x250-000000-80-0-0.jpg",
      "picture_big": "http://e-cdn-images.deezer.com/images/artist/aaabd7f3c29b5e669db7575cefb5f7dd/500x500-000000-80-0-0.jpg",
      "picture_xl": "http://e-cdn-images.deezer.com/images/artist/aaabd7f3c29b5e669db7575cefb5f7dd/1000x1000-000000-80-0-0.jpg",
      "tracklist": "http://api.deezer.com/2.0/artist/1002485/top?limit=50",
      "md5_image": "aaabd7f3c29b5e669db7575cefb5f7dd",
      "type": "artist"
    },
    "type": "album"
  },
  {
    "id": 13217236,
    "title": "Tout pour le gang",
    "link": "http://www.deezer.com/album/13217236",
    "cover": "http://api.deezer.com/2.0/album/13217236/image",
    "cover_small": "http://e-cdn-images.deezer.com/images/cover/5803adb2860657e357816d11c0fb1f39/56x56-000000-80-0-0.jpg",
    "cover_medium": "http://e-cdn-images.deezer.com/images/cover/5803adb2860657e357816d11c0fb1f39/250x250-000000-80-0-0.jpg",
    "cover_big": "http://e-cdn-images.deezer.com/images/cover/5803adb2860657e357816d11c0fb1f39/500x500-000000-80-0-0.jpg",
    "cover_xl": "http://e-cdn-images.deezer.com/images/cover/5803adb2860657e357816d11c0fb1f39/1000x1000-000000-80-0-0.jpg",
    "genre_id": 116,
    "nb_tracks": 1,
    "record_type": "single",
    "tracklist": "http://api.deezer.com/2.0/album/13217236/tracks",
    "explicit_lyrics": true,
    "md5_image": "5803adb2860657e357816d11c0fb1f39",
    "artist": {
      "id": 1002485,
      "name": "MMZ",
      "link": "http://www.deezer.com/artist/1002485",
      "picture": "http://api.deezer.com/2.0/artist/1002485/image",
      "picture_small": "http://e-cdn-images.deezer.com/images/artist/aaabd7f3c29b5e669db7575cefb5f7dd/56x56-000000-80-0-0.jpg",
      "picture_medium": "http://e-cdn-images.deezer.com/images/artist/aaabd7f3c29b5e669db7575cefb5f7dd/250x250-000000-80-0-0.jpg",
      "picture_big": "http://e-cdn-images.deezer.com/images/artist/aaabd7f3c29b5e669db7575cefb5f7dd/500x500-000000-80-0-0.jpg",
      "picture_xl": "http://e-cdn-images.deezer.com/images/artist/aaabd7f3c29b5e669db7575cefb5f7dd/1000x1000-000000-80-0-0.jpg",
      "tracklist": "http://api.deezer.com/2.0/artist/1002485/top?limit=50",
      "md5_image": "aaabd7f3c29b5e669db7575cefb5f7dd",
      "type": "artist"
    },
    "type": "album"
  },
  {
    "id": 13217216,
    "title": "Gacha",
    "link": "http://www.deezer.com/album/13217216",
    "cover": "http://api.deezer.com/2.0/album/13217216/image",
    "cover_small": "http://e-cdn-images.deezer.com/images/cover/bb50750dfdd4e9a1d986809e755f233e/56x56-000000-80-0-0.jpg",
    "cover_medium": "http://e-cdn-images.deezer.com/images/cover/bb50750dfdd4e9a1d986809e755f233e/250x250-000000-80-0-0.jpg",
    "cover_big": "http://e-cdn-images.deezer.com/images/cover/bb50750dfdd4e9a1d986809e755f233e/500x500-000000-80-0-0.jpg",
    "cover_xl": "http://e-cdn-images.deezer.com/images/cover/bb50750dfdd4e9a1d986809e755f233e/1000x1000-000000-80-0-0.jpg",
    "genre_id": 116,
    "nb_tracks": 1,
    "record_type": "single",
    "tracklist": "http://api.deezer.com/2.0/album/13217216/tracks",
    "explicit_lyrics": true,
    "md5_image": "bb50750dfdd4e9a1d986809e755f233e",
    "artist": {
      "id": 1002485,
      "name": "MMZ",
      "link": "http://www.deezer.com/artist/1002485",
      "picture": "http://api.deezer.com/2.0/artist/1002485/image",
      "picture_small": "http://e-cdn-images.deezer.com/images/artist/aaabd7f3c29b5e669db7575cefb5f7dd/56x56-000000-80-0-0.jpg",
      "picture_medium": "http://e-cdn-images.deezer.com/images/artist/aaabd7f3c29b5e669db7575cefb5f7dd/250x250-000000-80-0-0.jpg",
      "picture_big": "http://e-cdn-images.deezer.com/images/artist/aaabd7f3c29b5e669db7575cefb5f7dd/500x500-000000-80-0-0.jpg",
      "picture_xl": "http://e-cdn-images.deezer.com/images/artist/aaabd7f3c29b5e669db7575cefb5f7dd/1000x1000-000000-80-0-0.jpg",
      "tracklist": "http://api.deezer.com/2.0/artist/1002485/top?limit=50",
      "md5_image": "aaabd7f3c29b5e669db7575cefb5f7dd",
      "type": "artist"
    },
    "type": "album"
  },
  {
    "id": 40710551,
    "title": "Miroir miroir",
    "link": "http://www.deezer.com/album/40710551",
    "cover": "http://api.deezer.com/2.0/album/40710551/image",
    "cover_small": "http://e-cdn-images.deezer.com/images/cover/8756046e379bda5b720fe3ccc5222e21/56x56-000000-80-0-0.jpg",
    "cover_medium": "http://e-cdn-images.deezer.com/images/cover/8756046e379bda5b720fe3ccc5222e21/250x250-000000-80-0-0.jpg",
    "cover_big": "http://e-cdn-images.deezer.com/images/cover/8756046e379bda5b720fe3ccc5222e21/500x500-000000-80-0-0.jpg",
    "cover_xl": "http://e-cdn-images.deezer.com/images/cover/8756046e379bda5b720fe3ccc5222e21/1000x1000-000000-80-0-0.jpg",
    "genre_id": 116,
    "nb_tracks": 1,
    "record_type": "single",
    "tracklist": "http://api.deezer.com/2.0/album/40710551/tracks",
    "explicit_lyrics": true,
    "md5_image": "8756046e379bda5b720fe3ccc5222e21",
    "artist": {
      "id": 1002485,
      "name": "MMZ",
      "link": "http://www.deezer.com/artist/1002485",
      "picture": "http://api.deezer.com/2.0/artist/1002485/image",
      "picture_small": "http://e-cdn-images.deezer.com/images/artist/aaabd7f3c29b5e669db7575cefb5f7dd/56x56-000000-80-0-0.jpg",
      "picture_medium": "http://e-cdn-images.deezer.com/images/artist/aaabd7f3c29b5e669db7575cefb5f7dd/250x250-000000-80-0-0.jpg",
      "picture_big": "http://e-cdn-images.deezer.com/images/artist/aaabd7f3c29b5e669db7575cefb5f7dd/500x500-000000-80-0-0.jpg",
      "picture_xl": "http://e-cdn-images.deezer.com/images/artist/aaabd7f3c29b5e669db7575cefb5f7dd/1000x1000-000000-80-0-0.jpg",
      "tracklist": "http://api.deezer.com/2.0/artist/1002485/top?limit=50",
      "md5_image": "aaabd7f3c29b5e669db7575cefb5f7dd",
      "type": "artist"
    },
    "type": "album"
  },
  {
    "id": 56731812,
    "title": "Freestyle Tching Tchang",
    "link": "http://www.deezer.com/album/56731812",
    "cover": "http://api.deezer.com/2.0/album/56731812/image",
    "cover_small": "http://e-cdn-images.deezer.com/images/cover/1c084860b6c6d636bc8e822b6cdb39f4/56x56-000000-80-0-0.jpg",
    "cover_medium": "http://e-cdn-images.deezer.com/images/cover/1c084860b6c6d636bc8e822b6cdb39f4/250x250-000000-80-0-0.jpg",
    "cover_big": "http://e-cdn-images.deezer.com/images/cover/1c084860b6c6d636bc8e822b6cdb39f4/500x500-000000-80-0-0.jpg",
    "cover_xl": "http://e-cdn-images.deezer.com/images/cover/1c084860b6c6d636bc8e822b6cdb39f4/1000x1000-000000-80-0-0.jpg",
    "genre_id": 116,
    "nb_tracks": 1,
    "record_type": "single",
    "tracklist": "http://api.deezer.com/2.0/album/56731812/tracks",
    "explicit_lyrics": true,
    "md5_image": "1c084860b6c6d636bc8e822b6cdb39f4",
    "artist": {
      "id": 1002485,
      "name": "MMZ",
      "link": "http://www.deezer.com/artist/1002485",
      "picture": "http://api.deezer.com/2.0/artist/1002485/image",
      "picture_small": "http://e-cdn-images.deezer.com/images/artist/aaabd7f3c29b5e669db7575cefb5f7dd/56x56-000000-80-0-0.jpg",
      "picture_medium": "http://e-cdn-images.deezer.com/images/artist/aaabd7f3c29b5e669db7575cefb5f7dd/250x250-000000-80-0-0.jpg",
      "picture_big": "http://e-cdn-images.deezer.com/images/artist/aaabd7f3c29b5e669db7575cefb5f7dd/500x500-000000-80-0-0.jpg",
      "picture_xl": "http://e-cdn-images.deezer.com/images/artist/aaabd7f3c29b5e669db7575cefb5f7dd/1000x1000-000000-80-0-0.jpg",
      "tracklist": "http://api.deezer.com/2.0/artist/1002485/top?limit=50",
      "md5_image": "aaabd7f3c29b5e669db7575cefb5f7dd",
      "type": "artist"
    },
    "type": "album"
  },
  {
    "id": 49720992,
    "title": "Pardon",
    "link": "http://www.deezer.com/album/49720992",
    "cover": "http://api.deezer.com/2.0/album/49720992/image",
    "cover_small": "http://e-cdn-images.deezer.com/images/cover/f559ffc156dd00dd6e7e4352ef91e22f/56x56-000000-80-0-0.jpg",
    "cover_medium": "http://e-cdn-images.deezer.com/images/cover/f559ffc156dd00dd6e7e4352ef91e22f/250x250-000000-80-0-0.jpg",
    "cover_big": "http://e-cdn-images.deezer.com/images/cover/f559ffc156dd00dd6e7e4352ef91e22f/500x500-000000-80-0-0.jpg",
    "cover_xl": "http://e-cdn-images.deezer.com/images/cover/f559ffc156dd00dd6e7e4352ef91e22f/1000x1000-000000-80-0-0.jpg",
    "genre_id": 116,
    "nb_tracks": 1,
    "record_type": "single",
    "tracklist": "http://api.deezer.com/2.0/album/49720992/tracks",
    "explicit_lyrics": false,
    "md5_image": "f559ffc156dd00dd6e7e4352ef91e22f",
    "artist": {
      "id": 1002485,
      "name": "MMZ",
      "link": "http://www.deezer.com/artist/1002485",
      "picture": "http://api.deezer.com/2.0/artist/1002485/image",
      "picture_small": "http://e-cdn-images.deezer.com/images/artist/aaabd7f3c29b5e669db7575cefb5f7dd/56x56-000000-80-0-0.jpg",
      "picture_medium": "http://e-cdn-images.deezer.com/images/artist/aaabd7f3c29b5e669db7575cefb5f7dd/250x250-000000-80-0-0.jpg",
      "picture_big": "http://e-cdn-images.deezer.com/images/artist/aaabd7f3c29b5e669db7575cefb5f7dd/500x500-000000-80-0-0.jpg",
      "picture_xl": "http://e-cdn-images.deezer.com/images/artist/aaabd7f3c29b5e669db7575cefb5f7dd/1000x1000-000000-80-0-0.jpg",
      "tracklist": "http://api.deezer.com/2.0/artist/1002485/top?limit=50",
      "md5_image": "aaabd7f3c29b5e669db7575cefb5f7dd",
      "type": "artist"
    },
    "type": "album"
  },
  {
    "id": 45269651,
    "title": "Ma bulle",
    "link": "http://www.deezer.com/album/45269651",
    "cover": "http://api.deezer.com/2.0/album/45269651/image",
    "cover_small": "http://e-cdn-images.deezer.com/images/cover/d980c6c2a8141e672348bbc2ef6ba1fb/56x56-000000-80-0-0.jpg",
    "cover_medium": "http://e-cdn-images.deezer.com/images/cover/d980c6c2a8141e672348bbc2ef6ba1fb/250x250-000000-80-0-0.jpg",
    "cover_big": "http://e-cdn-images.deezer.com/images/cover/d980c6c2a8141e672348bbc2ef6ba1fb/500x500-000000-80-0-0.jpg",
    "cover_xl": "http://e-cdn-images.deezer.com/images/cover/d980c6c2a8141e672348bbc2ef6ba1fb/1000x1000-000000-80-0-0.jpg",
    "genre_id": 116,
    "nb_tracks": 1,
    "record_type": "single",
    "tracklist": "http://api.deezer.com/2.0/album/45269651/tracks",
    "explicit_lyrics": true,
    "md5_image": "d980c6c2a8141e672348bbc2ef6ba1fb",
    "artist": {
      "id": 1002485,
      "name": "MMZ",
      "link": "http://www.deezer.com/artist/1002485",
      "picture": "http://api.deezer.com/2.0/artist/1002485/image",
      "picture_small": "http://e-cdn-images.deezer.com/images/artist/aaabd7f3c29b5e669db7575cefb5f7dd/56x56-000000-80-0-0.jpg",
      "picture_medium": "http://e-cdn-images.deezer.com/images/artist/aaabd7f3c29b5e669db7575cefb5f7dd/250x250-000000-80-0-0.jpg",
      "picture_big": "http://e-cdn-images.deezer.com/images/artist/aaabd7f3c29b5e669db7575cefb5f7dd/500x500-000000-80-0-0.jpg",
      "picture_xl": "http://e-cdn-images.deezer.com/images/artist/aaabd7f3c29b5e669db7575cefb5f7dd/1000x1000-000000-80-0-0.jpg",
      "tracklist": "http://api.deezer.com/2.0/artist/1002485/top?limit=50",
      "md5_image": "aaabd7f3c29b5e669db7575cefb5f7dd",
      "type": "artist"
    },
    "type": "album"
  },
  {
    "id": 42119341,
    "title": "Ma 6-T j'vends",
    "link": "http://www.deezer.com/album/42119341",
    "cover": "http://api.deezer.com/2.0/album/42119341/image",
    "cover_small": "http://e-cdn-images.deezer.com/images/cover/8539a6349da776ac237d741a4ec2072f/56x56-000000-80-0-0.jpg",
    "cover_medium": "http://e-cdn-images.deezer.com/images/cover/8539a6349da776ac237d741a4ec2072f/250x250-000000-80-0-0.jpg",
    "cover_big": "http://e-cdn-images.deezer.com/images/cover/8539a6349da776ac237d741a4ec2072f/500x500-000000-80-0-0.jpg",
    "cover_xl": "http://e-cdn-images.deezer.com/images/cover/8539a6349da776ac237d741a4ec2072f/1000x1000-000000-80-0-0.jpg",
    "genre_id": 116,
    "nb_tracks": 1,
    "record_type": "single",
    "tracklist": "http://api.deezer.com/2.0/album/42119341/tracks",
    "explicit_lyrics": true,
    "md5_image": "8539a6349da776ac237d741a4ec2072f",
    "artist": {
      "id": 1002485,
      "name": "MMZ",
      "link": "http://www.deezer.com/artist/1002485",
      "picture": "http://api.deezer.com/2.0/artist/1002485/image",
      "picture_small": "http://e-cdn-images.deezer.com/images/artist/aaabd7f3c29b5e669db7575cefb5f7dd/56x56-000000-80-0-0.jpg",
      "picture_medium": "http://e-cdn-images.deezer.com/images/artist/aaabd7f3c29b5e669db7575cefb5f7dd/250x250-000000-80-0-0.jpg",
      "picture_big": "http://e-cdn-images.deezer.com/images/artist/aaabd7f3c29b5e669db7575cefb5f7dd/500x500-000000-80-0-0.jpg",
      "picture_xl": "http://e-cdn-images.deezer.com/images/artist/aaabd7f3c29b5e669db7575cefb5f7dd/1000x1000-000000-80-0-0.jpg",
      "tracklist": "http://api.deezer.com/2.0/artist/1002485/top?limit=50",
      "md5_image": "aaabd7f3c29b5e669db7575cefb5f7dd",
      "type": "artist"
    },
    "type": "album"
  },
  {
    "id": 13217232,
    "title": "Au pied de ma tour",
    "link": "http://www.deezer.com/album/13217232",
    "cover": "http://api.deezer.com/2.0/album/13217232/image",
    "cover_small": "http://e-cdn-images.deezer.com/images/cover/5a070e58b76713d8606552581eaf7dfa/56x56-000000-80-0-0.jpg",
    "cover_medium": "http://e-cdn-images.deezer.com/images/cover/5a070e58b76713d8606552581eaf7dfa/250x250-000000-80-0-0.jpg",
    "cover_big": "http://e-cdn-images.deezer.com/images/cover/5a070e58b76713d8606552581eaf7dfa/500x500-000000-80-0-0.jpg",
    "cover_xl": "http://e-cdn-images.deezer.com/images/cover/5a070e58b76713d8606552581eaf7dfa/1000x1000-000000-80-0-0.jpg",
    "genre_id": 116,
    "nb_tracks": 1,
    "record_type": "single",
    "tracklist": "http://api.deezer.com/2.0/album/13217232/tracks",
    "explicit_lyrics": true,
    "md5_image": "5a070e58b76713d8606552581eaf7dfa",
    "artist": {
      "id": 1002485,
      "name": "MMZ",
      "link": "http://www.deezer.com/artist/1002485",
      "picture": "http://api.deezer.com/2.0/artist/1002485/image",
      "picture_small": "http://e-cdn-images.deezer.com/images/artist/aaabd7f3c29b5e669db7575cefb5f7dd/56x56-000000-80-0-0.jpg",
      "picture_medium": "http://e-cdn-images.deezer.com/images/artist/aaabd7f3c29b5e669db7575cefb5f7dd/250x250-000000-80-0-0.jpg",
      "picture_big": "http://e-cdn-images.deezer.com/images/artist/aaabd7f3c29b5e669db7575cefb5f7dd/500x500-000000-80-0-0.jpg",
      "picture_xl": "http://e-cdn-images.deezer.com/images/artist/aaabd7f3c29b5e669db7575cefb5f7dd/1000x1000-000000-80-0-0.jpg",
      "tracklist": "http://api.deezer.com/2.0/artist/1002485/top?limit=50",
      "md5_image": "aaabd7f3c29b5e669db7575cefb5f7dd",
      "type": "artist"
    },
    "type": "album"
  },
  {
    "id": 91698802,
    "title": "Patrona",
    "link": "http://www.deezer.com/album/91698802",
    "cover": "http://api.deezer.com/2.0/album/91698802/image",
    "cover_small": "http://e-cdn-images.deezer.com/images/cover/009e3af645ce556e9c0486aef6f8ba19/56x56-000000-80-0-0.jpg",
    "cover_medium": "http://e-cdn-images.deezer.com/images/cover/009e3af645ce556e9c0486aef6f8ba19/250x250-000000-80-0-0.jpg",
    "cover_big": "http://e-cdn-images.deezer.com/images/cover/009e3af645ce556e9c0486aef6f8ba19/500x500-000000-80-0-0.jpg",
    "cover_xl": "http://e-cdn-images.deezer.com/images/cover/009e3af645ce556e9c0486aef6f8ba19/1000x1000-000000-80-0-0.jpg",
    "genre_id": 116,
    "nb_tracks": 1,
    "record_type": "single",
    "tracklist": "http://api.deezer.com/2.0/album/91698802/tracks",
    "explicit_lyrics": true,
    "md5_image": "009e3af645ce556e9c0486aef6f8ba19",
    "artist": {
      "id": 1002485,
      "name": "MMZ",
      "link": "http://www.deezer.com/artist/1002485",
      "picture": "http://api.deezer.com/2.0/artist/1002485/image",
      "picture_small": "http://e-cdn-images.deezer.com/images/artist/aaabd7f3c29b5e669db7575cefb5f7dd/56x56-000000-80-0-0.jpg",
      "picture_medium": "http://e-cdn-images.deezer.com/images/artist/aaabd7f3c29b5e669db7575cefb5f7dd/250x250-000000-80-0-0.jpg",
      "picture_big": "http://e-cdn-images.deezer.com/images/artist/aaabd7f3c29b5e669db7575cefb5f7dd/500x500-000000-80-0-0.jpg",
      "picture_xl": "http://e-cdn-images.deezer.com/images/artist/aaabd7f3c29b5e669db7575cefb5f7dd/1000x1000-000000-80-0-0.jpg",
      "tracklist": "http://api.deezer.com/2.0/artist/1002485/top?limit=50",
      "md5_image": "aaabd7f3c29b5e669db7575cefb5f7dd",
      "type": "artist"
    },
    "type": "album"
  },
  {
    "id": 14260690,
    "title": "Premier combat",
    "link": "http://www.deezer.com/album/14260690",
    "cover": "http://api.deezer.com/2.0/album/14260690/image",
    "cover_small": "http://e-cdn-images.deezer.com/images/cover/a6f9be661a9f96bd33be64c16c4b6fb4/56x56-000000-80-0-0.jpg",
    "cover_medium": "http://e-cdn-images.deezer.com/images/cover/a6f9be661a9f96bd33be64c16c4b6fb4/250x250-000000-80-0-0.jpg",
    "cover_big": "http://e-cdn-images.deezer.com/images/cover/a6f9be661a9f96bd33be64c16c4b6fb4/500x500-000000-80-0-0.jpg",
    "cover_xl": "http://e-cdn-images.deezer.com/images/cover/a6f9be661a9f96bd33be64c16c4b6fb4/1000x1000-000000-80-0-0.jpg",
    "genre_id": 116,
    "nb_tracks": 15,
    "record_type": "album",
    "tracklist": "http://api.deezer.com/2.0/album/14260690/tracks",
    "explicit_lyrics": true,
    "md5_image": "a6f9be661a9f96bd33be64c16c4b6fb4",
    "artist": {
      "id": 4901633,
      "name": "Flasko",
      "link": "http://www.deezer.com/artist/4901633",
      "picture": "http://api.deezer.com/2.0/artist/4901633/image",
      "picture_small": "http://e-cdn-images.deezer.com/images/artist/a6f9be661a9f96bd33be64c16c4b6fb4/56x56-000000-80-0-0.jpg",
      "picture_medium": "http://e-cdn-images.deezer.com/images/artist/a6f9be661a9f96bd33be64c16c4b6fb4/250x250-000000-80-0-0.jpg",
      "picture_big": "http://e-cdn-images.deezer.com/images/artist/a6f9be661a9f96bd33be64c16c4b6fb4/500x500-000000-80-0-0.jpg",
      "picture_xl": "http://e-cdn-images.deezer.com/images/artist/a6f9be661a9f96bd33be64c16c4b6fb4/1000x1000-000000-80-0-0.jpg",
      "tracklist": "http://api.deezer.com/2.0/artist/4901633/top?limit=50",
      "md5_image": "a6f9be661a9f96bd33be64c16c4b6fb4",
      "type": "artist"
    },
    "type": "album"
  },
  {
    "id": 156842682,
    "title": "Run For Your Life",
    "link": "http://www.deezer.com/album/156842682",
    "cover": "http://api.deezer.com/2.0/album/156842682/image",
    "cover_small": "http://e-cdn-images.deezer.com/images/cover/7b043a8315bb26d75ed9f45f0c6a99dc/56x56-000000-80-0-0.jpg",
    "cover_medium": "http://e-cdn-images.deezer.com/images/cover/7b043a8315bb26d75ed9f45f0c6a99dc/250x250-000000-80-0-0.jpg",
    "cover_big": "http://e-cdn-images.deezer.com/images/cover/7b043a8315bb26d75ed9f45f0c6a99dc/500x500-000000-80-0-0.jpg",
    "cover_xl": "http://e-cdn-images.deezer.com/images/cover/7b043a8315bb26d75ed9f45f0c6a99dc/1000x1000-000000-80-0-0.jpg",
    "genre_id": 116,
    "nb_tracks": 1,
    "record_type": "single",
    "tracklist": "http://api.deezer.com/2.0/album/156842682/tracks",
    "explicit_lyrics": true,
    "md5_image": "7b043a8315bb26d75ed9f45f0c6a99dc",
    "artist": {
      "id": 89219832,
      "name": "MMZ ILiveLife",
      "link": "http://www.deezer.com/artist/89219832",
      "picture": "http://api.deezer.com/2.0/artist/89219832/image",
      "picture_small": "http://e-cdn-images.deezer.com/images/artist//56x56-000000-80-0-0.jpg",
      "picture_medium": "http://e-cdn-images.deezer.com/images/artist//250x250-000000-80-0-0.jpg",
      "picture_big": "http://e-cdn-images.deezer.com/images/artist//500x500-000000-80-0-0.jpg",
      "picture_xl": "http://e-cdn-images.deezer.com/images/artist//1000x1000-000000-80-0-0.jpg",
      "tracklist": "http://api.deezer.com/2.0/artist/89219832/top?limit=50",
      "md5_image": "",
      "type": "artist"
    },
    "type": "album"
  },
  {
    "id": 101339852,
    "title": "Sourou",
    "link": "http://www.deezer.com/album/101339852",
    "cover": "http://api.deezer.com/2.0/album/101339852/image",
    "cover_small": "http://e-cdn-images.deezer.com/images/cover/2aca7362ae8aed242f3395cdf63fdc6e/56x56-000000-80-0-0.jpg",
    "cover_medium": "http://e-cdn-images.deezer.com/images/cover/2aca7362ae8aed242f3395cdf63fdc6e/250x250-000000-80-0-0.jpg",
    "cover_big": "http://e-cdn-images.deezer.com/images/cover/2aca7362ae8aed242f3395cdf63fdc6e/500x500-000000-80-0-0.jpg",
    "cover_xl": "http://e-cdn-images.deezer.com/images/cover/2aca7362ae8aed242f3395cdf63fdc6e/1000x1000-000000-80-0-0.jpg",
    "genre_id": 116,
    "nb_tracks": 17,
    "record_type": "album",
    "tracklist": "http://api.deezer.com/2.0/album/101339852/tracks",
    "explicit_lyrics": true,
    "md5_image": "2aca7362ae8aed242f3395cdf63fdc6e",
    "artist": {
      "id": 12796111,
      "name": "S-Pion",
      "link": "http://www.deezer.com/artist/12796111",
      "picture": "http://api.deezer.com/2.0/artist/12796111/image",
      "picture_small": "http://e-cdn-images.deezer.com/images/artist/acd3849fad64e61dc50033019b12c052/56x56-000000-80-0-0.jpg",
      "picture_medium": "http://e-cdn-images.deezer.com/images/artist/acd3849fad64e61dc50033019b12c052/250x250-000000-80-0-0.jpg",
      "picture_big": "http://e-cdn-images.deezer.com/images/artist/acd3849fad64e61dc50033019b12c052/500x500-000000-80-0-0.jpg",
      "picture_xl": "http://e-cdn-images.deezer.com/images/artist/acd3849fad64e61dc50033019b12c052/1000x1000-000000-80-0-0.jpg",
      "tracklist": "http://api.deezer.com/2.0/artist/12796111/top?limit=50",
      "md5_image": "acd3849fad64e61dc50033019b12c052",
      "type": "artist"
    },
    "type": "album"
  },
  {
    "id": 60467892,
    "title": "Taxi 5 (Bande originale inspir\u00e9e du film)",
    "link": "http://www.deezer.com/album/60467892",
    "cover": "http://api.deezer.com/2.0/album/60467892/image",
    "cover_small": "http://e-cdn-images.deezer.com/images/cover/22df9022ad94bba8bfaea38720560a99/56x56-000000-80-0-0.jpg",
    "cover_medium": "http://e-cdn-images.deezer.com/images/cover/22df9022ad94bba8bfaea38720560a99/250x250-000000-80-0-0.jpg",
    "cover_big": "http://e-cdn-images.deezer.com/images/cover/22df9022ad94bba8bfaea38720560a99/500x500-000000-80-0-0.jpg",
    "cover_xl": "http://e-cdn-images.deezer.com/images/cover/22df9022ad94bba8bfaea38720560a99/1000x1000-000000-80-0-0.jpg",
    "genre_id": 132,
    "nb_tracks": 16,
    "record_type": "album",
    "tracklist": "http://api.deezer.com/2.0/album/60467892/tracks",
    "explicit_lyrics": true,
    "md5_image": "22df9022ad94bba8bfaea38720560a99",
    "artist": {
      "id": 259455,
      "name": "Kore",
      "link": "http://www.deezer.com/artist/259455",
      "picture": "http://api.deezer.com/2.0/artist/259455/image",
      "picture_small": "http://e-cdn-images.deezer.com/images/artist/c091ac59f077a8632ef64372414f3126/56x56-000000-80-0-0.jpg",
      "picture_medium": "http://e-cdn-images.deezer.com/images/artist/c091ac59f077a8632ef64372414f3126/250x250-000000-80-0-0.jpg",
      "picture_big": "http://e-cdn-images.deezer.com/images/artist/c091ac59f077a8632ef64372414f3126/500x500-000000-80-0-0.jpg",
      "picture_xl": "http://e-cdn-images.deezer.com/images/artist/c091ac59f077a8632ef64372414f3126/1000x1000-000000-80-0-0.jpg",
      "tracklist": "http://api.deezer.com/2.0/artist/259455/top?limit=50",
      "md5_image": "c091ac59f077a8632ef64372414f3126",
      "type": "artist"
    },
    "type": "album"
  },
  {
    "id": 52134612,
    "title": "C'est tout pour moi (Bande originale du film)",
    "link": "http://www.deezer.com/album/52134612",
    "cover": "http://api.deezer.com/2.0/album/52134612/image",
    "cover_small": "http://e-cdn-images.deezer.com/images/cover/68482e3b5208d56bd058d5481db00dd3/56x56-000000-80-0-0.jpg",
    "cover_medium": "http://e-cdn-images.deezer.com/images/cover/68482e3b5208d56bd058d5481db00dd3/250x250-000000-80-0-0.jpg",
    "cover_big": "http://e-cdn-images.deezer.com/images/cover/68482e3b5208d56bd058d5481db00dd3/500x500-000000-80-0-0.jpg",
    "cover_xl": "http://e-cdn-images.deezer.com/images/cover/68482e3b5208d56bd058d5481db00dd3/1000x1000-000000-80-0-0.jpg",
    "genre_id": 173,
    "nb_tracks": 13,
    "record_type": "album",
    "tracklist": "http://api.deezer.com/2.0/album/52134612/tracks",
    "explicit_lyrics": true,
    "md5_image": "68482e3b5208d56bd058d5481db00dd3",
    "artist": {
      "id": 5080,
      "name": "Various Artists",
      "link": "http://www.deezer.com/artist/5080",
      "picture": "http://api.deezer.com/2.0/artist/5080/image",
      "picture_small": "http://e-cdn-images.deezer.com/images/artist/6fd017dac44f23dd3e15d512e3a5d970/56x56-000000-80-0-0.jpg",
      "picture_medium": "http://e-cdn-images.deezer.com/images/artist/6fd017dac44f23dd3e15d512e3a5d970/250x250-000000-80-0-0.jpg",
      "picture_big": "http://e-cdn-images.deezer.com/images/artist/6fd017dac44f23dd3e15d512e3a5d970/500x500-000000-80-0-0.jpg",
      "picture_xl": "http://e-cdn-images.deezer.com/images/artist/6fd017dac44f23dd3e15d512e3a5d970/1000x1000-000000-80-0-0.jpg",
      "tracklist": "http://api.deezer.com/2.0/artist/5080/top?limit=50",
      "md5_image": "6fd017dac44f23dd3e15d512e3a5d970",
      "type": "artist"
    },
    "type": "album"
  },
  {
    "id": 14733940,
    "title": "Designer",
    "link": "http://www.deezer.com/album/14733940",
    "cover": "http://api.deezer.com/2.0/album/14733940/image",
    "cover_small": "http://e-cdn-images.deezer.com/images/cover/9d5014ce0446f262efc70dfaac504281/56x56-000000-80-0-0.jpg",
    "cover_medium": "http://e-cdn-images.deezer.com/images/cover/9d5014ce0446f262efc70dfaac504281/250x250-000000-80-0-0.jpg",
    "cover_big": "http://e-cdn-images.deezer.com/images/cover/9d5014ce0446f262efc70dfaac504281/500x500-000000-80-0-0.jpg",
    "cover_xl": "http://e-cdn-images.deezer.com/images/cover/9d5014ce0446f262efc70dfaac504281/1000x1000-000000-80-0-0.jpg",
    "genre_id": 116,
    "nb_tracks": 1,
    "record_type": "single",
    "tracklist": "http://api.deezer.com/2.0/album/14733940/tracks",
    "explicit_lyrics": true,
    "md5_image": "9d5014ce0446f262efc70dfaac504281",
    "artist": {
      "id": 12474028,
      "name": "MMZ",
      "link": "http://www.deezer.com/artist/12474028",
      "picture": "http://api.deezer.com/2.0/artist/12474028/image",
      "picture_small": "http://e-cdn-images.deezer.com/images/artist/9d5014ce0446f262efc70dfaac504281/56x56-000000-80-0-0.jpg",
      "picture_medium": "http://e-cdn-images.deezer.com/images/artist/9d5014ce0446f262efc70dfaac504281/250x250-000000-80-0-0.jpg",
      "picture_big": "http://e-cdn-images.deezer.com/images/artist/9d5014ce0446f262efc70dfaac504281/500x500-000000-80-0-0.jpg",
      "picture_xl": "http://e-cdn-images.deezer.com/images/artist/9d5014ce0446f262efc70dfaac504281/1000x1000-000000-80-0-0.jpg",
      "tracklist": "http://api.deezer.com/2.0/artist/12474028/top?limit=50",
      "md5_image": "9d5014ce0446f262efc70dfaac504281",
      "type": "artist"
    },
    "type": "album"
  }
]