<?xml version="1.0" encoding="UTF-8" standalone="yes"?>
<addon id="plugin.audio.deezer" name="Deezer" version="0.0.4" provider-name="Valentin271">

    <requires>
        <import addon="xbmc.python" version="2.26.0" optional="true"/>
        <import addon="script.module.requests" version="2.7.0"/>
    </requires>

    <extension point="xbmc.python.pluginsource" library="addon.py">
        <provides>audio</provides>
    </extension>

    <extension point="xbmc.addon.repository" name="Valentin271's Kodi repo">
        <info>https://raw.githubusercontent.com/Valentin271/DeezerKodi/master/addons.xml</info>
        <checksum>https://raw.githubusercontent.com/Valentin271/DeezerKodi/master/addons.xml.md5</checksum>
        <datadir>https://raw.githubusercontent.com/Valentin271/DeezerKodi/master/</datadir>
    </extension>

    <extension point="xbmc.addon.metadata">
        <summary lang="en">This addon allows you to listen to music from Deezer.</summary>
        <description lang="en">This addon allows you to stream music from Deezer. You can search for tracks, artists and albums. A premium account is REQUIRED.</description>
        <disclaimer lang="en">This addon was not provided by Deezer.</disclaimer>
        <news>First pre-release</news>
        <platform>all</platform>  <!-- Not tested -->
        <language>en</language>
        <license>GPL-3.0</license>
        <forum>https://github.com/Valentin271/DeezerKodi/issues</forum>
        <website>https://github.com/Valentin271/DeezerKodi</website>
        <source>https://github.com/Valentin271/DeezerKodi/tree/master/src</source>
        <email></email>
        <assets>
            <icon>resources/icon.png</icon>
            <fanart>resources/fanart.jpg</fanart>
            <screenshot></screenshot>
        </assets>
    </extension>
</addon>
